"Length (cm)","Comprimento (cm)"
"Height (cm)","Altura (cm)"
"Width (cm)","Largura (cm)"
"Additional Lead Time (days)","Tempo de Entrega Adicional (dias)"
"Is Product Fragile?","O Produto é Frágil?"
"Version","Versão"
"This is the version of your module installation.","Esta é a versão da instalação do seu módulo."
"Enabled","Habilitado"
"Title","Título"
"API Token","Token API"
"Ship to Applicable Countries","Países Aplicáveis para Entrega"
"Ship to Specific Countries","Enviar para Países Específicos"
"Displayed Error Message","Mostrar Mensagem de Erro"
"Weight Attribute","Atributo Peso"
"Height Attribute","Atributo Altura"
"Length Attribute","Atributo Comprimento"
"Width Attribute","Atributo Largura"
"Show Shipping Forecast","Mostrar Previsão de Entrega"
"Shipping Forecast Message","Mensagem da Previsão de Entrega"
"Yes","Sim"
"No","Não"
"Enable","Habilitar"
"Disable","Desabilitar"
"Debug","Modo Debug"
"Debug Filename","Nome do Arquivo de Debug"
"Attributes Mapping","Mapeamento de Atributos"
"Default Measurements","Medidas Padrão"
"Default Weight","Peso Padrão"
"Default Height","Altura Padrão"
"Default Length","Comprimento Padrão"
"Default Width","Largura Padrão"
"This attribute will be used to get shipping quotes from Frenet API.","Este atributo será utilizado para obter as cotações da API da Frenet."
"The default weight used to get quotes from Frenet API in case of product lacks this information.","Peso padrão usado para obter cotações na API da Frenet quando o produto não possui essa informação."
"The default height used to get quotes from Frenet API in case of product lacks this information.","Altura padrão usada para obter cotações na API da Frenet quando o produto não possui essa informação."
"The default length used to get quotes from Frenet API in case of product lacks this information.","Comprimento padrão usado para obter cotações na API da Frenet quando o produto não possui essa informação."
"The default width used to get quotes from Frenet API in case of product lacks this information.","Largura padrão usada para obter cotações na API da Frenet quando o produto não possui essa informação."
"Frenet Shipping Gateway","Frenet Gateway de Fretes"
"Additional Lead Time","Tempo de Entrega Adicional"
"The additional lead time (in days) that will be summed to original lead time.","O tempo de entrega adicional (em dias) que será somado ao tempo de entrega original."
"Shipping Quote","Cotação de Entrega"
"Enable Multi Quote","Habilitar Cotações Múltiplas"
"When the cart's total weight is greater than the package max weight, multiple calls will be done for Correios.<br/><br/><b>Note</b>: with this feature enabled you'll need to ship the products in diferent packages.<br/><br/><b style='color:red;'>Warning</b>: The shipping rules and restrictions based in cart total or weight may not work properly when this option is enabled.","Quando o peso total do carrinho for maior que o peso máximo do pacote, múltiplas chamadas serão feitas para os Correios.<br/><br/><b>Nota</b>: com esta funcionalidade habilitada você precisará enviar os produtos em pacotes diferentes.<br/><br/><b style='color:red;'>Atenção</b>: as regras e restrições de frete baseadas no total ou no peso do carrinho podem não funcionar corretamente quando esta opção estiver habilitada."
"Package Max Weight (kg)","Peso Máximo do Pacote (kg)"
"Maximum weight per shipping package in kilograms. Used when Multi Quote is enabled to split the cart into multiple packages. Default is 30kg.","Peso máximo por pacote de envio, em quilogramas. Usado quando as Cotações Múltiplas estão habilitadas para dividir o carrinho em vários pacotes. O padrão é 30kg."
"Maximum Item Quantity per Shipping Line","Quantidade Máxima de Itens por Linha de Envio"
"Safety limit for the quantity of a single cart item considered while building shipping packages. Protects the package calculation from excessively large quantities. Leave empty to use the default (5000).","Limite de segurança para a quantidade de um único item do carrinho considerada ao montar os pacotes de envio. Protege o cálculo dos pacotes contra quantidades excessivamente grandes. Deixe em branco para usar o padrão (5000)."
"Product Quote","Cotação na Página do Produto"
"Enable for Product Types","Habilitar para os Tipos de Produto"
"If enabled the product shipping quote will be possible from product page.","Se habilitado, a cotação de frete do produto ficará disponível na página do produto."
"These are the product types allowed to be quote in the product page.","Estes são os tipos de produto liberados para cotação na página do produto."
"Show Method if Not Applicable","Mostrar Método Quando Não Aplicável"
"Sort Order","Ordem de Exibição"
"API Hostname","Hostname da API"
"Overrides the Frenet API hostname. Leave empty to use the default (api.frenet.com.br). Change only if instructed by Frenet support.","Substitui o hostname da API da Frenet. Deixe em branco para usar o padrão (api.frenet.com.br). Altere somente se orientado pelo suporte da Frenet."
"API Protocol","Protocolo da API"
"Protocol used to reach the Frenet API. Leave on ""Default"" unless instructed by Frenet support.","Protocolo usado para acessar a API da Frenet. Mantenha em ""Padrão"", a menos que orientado pelo suporte da Frenet."
"Default","Padrão"
"You will need an API token to use Frenet services. Please visit <a href='http://painel.frenet.com.br/' target='_blank'>our official website</a> and create your account.","Você precisará de um token de API para utilizar os serviços da Frenet. Por favor, visite <a href='http://painel.frenet.com.br/' target='_blank'>nosso site oficial</a> e crie sua conta."
"Postcode","CEP"
"Get Quote","Obter Cotação"
"Sorry. No quotes were found for this postcode.","Desculpe. Nenhuma cotação foi encontrada para este cep."
"Calculate the shipping quote for this product with Frenet.","Calcule o preço e prazo de entrega estimados para este produto com a Frenet."
"Please inform a valid postcode","Por favor, informe um CEP válido"
"Invalid quantity informed.","Quantidade informada inválida."
"There is no items in this order","Não há itens neste pedido"
"Simple Products","Produtos Simples"
"Configurable Products","Produtos Configuráveis"
"Bundle Products","Produtos Combinados"
"Grouped Products","Produtos Agrupados"
"Method Title","Título do Método"
"Free Shipping","Entrega Grátis"
"(Installed Via Composer)","(Instalado via Composer)"
"(Installed in app/code)","(Instalado em app/code)"
"Unknown Module Version","Versão Desconhecida"
"Paste the partner token and save: the connection and the balance appear here.","Cole o token de parceiro e salve: a conexão e o saldo aparecem aqui."
"Frenet did not accept the tokens or did not answer. Check the partner token and the Frenet token.","A Frenet não aceitou os tokens ou não respondeu. Confira o token de parceiro e o token Frenet."
"Simulator mode: connected to the local test simulator, nothing is charged","Modo simulador: conectado ao simulador local de testes, nada é cobrado"
"Connected to Frenet","Conectado à Frenet"
"Balance: R$ %1 · %2 labels available","Saldo: R$ %1 · %2 etiquetas disponíveis"
"Manage your labels","Gerencie suas etiquetas"
"Select the labels to pay.","Selecione as etiquetas para pagar."
"%1 label(s) paid.","%1 etiqueta(s) paga(s)."
"%1 label(s) not paid: %2","%1 etiqueta(s) não paga(s): %2"
"Frenet label ready to print.","Etiqueta Frenet pronta para imprimir."
"Frenet has not released the label yet. Try again in a minute.","A Frenet ainda não liberou a etiqueta. Tente de novo em um minuto."
"Label printing","Impressão de etiquetas"
"Select at least one order.","Selecione pelo menos um pedido."
"The NF-e key is not valid (44 digits, the last one is a check digit). Nothing was created.","A chave da NF-e não é válida (44 dígitos, o último é o dígito verificador). Nada foi criado."
"Created but not paid: not enough balance or the payment did not answer. Pay it in Labels.","Criado, mas não pago: saldo insuficiente ou o pagamento não respondeu. Pague em Etiquetas."
"Created. Pay it in Labels to release the label.","Criado. Pague em Etiquetas para liberar a etiqueta."
"Unexpected error: %1","Erro inesperado: %1"
"The chosen carrier no longer delivers this order. Calculate again and choose another one. Nothing was created.","A transportadora escolhida não atende mais este pedido. Calcule de novo e escolha outra. Nada foi criado."
"Create shipment","Criar envio"
"Shipments created","Envios criados"
"Coming soon","Em breve"
"Tracking","Rastreio"
"Best price","Melhor preço"
"Best delivery time","Melhor prazo"
"Buy here (pay with the Frenet wallet)","Comprar aqui (pagar com a carteira Frenet)"
"Send to the Frenet panel","Enviar ao painel Frenet"
"10x15 (thermal printer)","10x15 (impressora térmica)"
"Frenet refused the partner token. Check the partner token in the labels settings. Nothing was charged.","A Frenet recusou o token de parceiro. Confira o token de parceiro nas configurações de etiquetas. Nada foi cobrado."
"Frenet refused the customer token. Check the Frenet token. Nothing was charged.","A Frenet recusou o token do cliente. Confira o token Frenet. Nada foi cobrado."
"This service requires an invoice (NF-e). Paste the NF-e key of the order and try again. Nothing was charged.","Este serviço exige nota fiscal (NF-e). Cole a chave da NF-e do pedido e tente de novo. Nada foi cobrado."
"Frenet token not configured.","Token Frenet não configurado."
"Frenet did not answer (%1).","A Frenet não respondeu (%1)."
"Fill in the store address (street, city, state and postcode) in Stores > Configuration > General > Store Information: Frenet requires the sender on every label. Nothing was charged.","Preencha o endereço da loja (rua, cidade, estado e CEP) em Lojas > Configuração > Geral > Informações da loja: a Frenet exige o remetente em toda etiqueta. Nada foi cobrado."
"The order has no shipping address.","O pedido não tem endereço de entrega."
"Already has a Frenet shipment.","Já tem envio Frenet."
"The order cannot be shipped (already shipped, cancelled or on hold).","O pedido não pode ser enviado (já enviado, cancelado ou em espera)."
"The products have no weight: fill in the weight to quote.","Os produtos não têm peso: preencha o peso para cotar."
"Frenet did not quote: %1","A Frenet não cotou: %1"
"No carrier delivers this package to this postcode.","Nenhuma transportadora entrega este pacote neste CEP."
"Frenet labels are off. Turn them on and add the partner token in the settings.","As etiquetas Frenet estão desligadas. Ative-as e informe o token de parceiro nas configurações."
"This order already has a Frenet shipment. Cancel it first.","Este pedido já tem envio Frenet. Cancele-o primeiro."
"Frenet did not return a shipment. Nothing was charged.","A Frenet não devolveu o envio. Nada foi cobrado."
"Frenet shipment %1 sent to the Frenet panel, waiting for payment there.","Envio Frenet %1 enviado ao painel Frenet, aguardando pagamento lá."
"Frenet shipment %1 created, not paid yet.","Envio Frenet %1 criado, ainda não pago."
"The payment did not answer (%1). The store checks again every minute; do not pay twice.","O pagamento não respondeu (%1). A loja confere de novo a cada minuto; não pague duas vezes."
"Frenet label %1 paid (R$ %2).","Etiqueta Frenet %1 paga (R$ %2)."
"Not enough balance in the Frenet wallet.","Saldo insuficiente na carteira Frenet."
"Frenet label %1 ready to print.","Etiqueta Frenet %1 pronta para imprimir."
"Invalid Frenet shipment.","Envio Frenet inválido."
"Frenet did not answer the status of shipment %1. Nothing was changed; try again.","A Frenet não respondeu o status do envio %1. Nada foi alterado; tente de novo."
"Frenet did not cancel shipment %1. Cancel it in the Frenet panel.","A Frenet não cancelou o envio %1. Cancele no painel da Frenet."
"Frenet label %1 cancelled. Frenet returns the amount to the wallet (usually overnight).","Etiqueta Frenet %1 cancelada. A Frenet devolve o valor à carteira (normalmente durante a madrugada)."
"Unpaid Frenet shipment %1 deleted.","Envio Frenet %1 (não pago) excluído."
"Select at least one paid label.","Selecione pelo menos uma etiqueta paga."
"Frenet did not generate the PDF. Only paid labels can be printed.","A Frenet não gerou o PDF. Só etiquetas pagas podem ser impressas."
"Created","Criada"
"Waiting for payment","Aguardando pagamento"
"Payment failed","Pagamento não concluído"
"Paid","Paga"
"Posted","Postada"
"Cancellation scheduled","Cancelamento agendado"
"Cancelled","Cancelada"
"Deleted","Excluída"
"Delivered at the drop-off point","Entregue no ponto de postagem"
"Status %1","Status %1"
"Print Frenet label","Imprimir etiqueta Frenet"
"Create Frenet shipment","Criar envio Frenet"
"Frenet","Frenet"
"Create shipments and buy labels","Criar envios e comprar etiquetas"
"Manage labels (pay, cancel)","Gerenciar etiquetas (pagar, cancelar)"
"Print labels","Imprimir etiquetas"
"Shipments","Envios"
"Labels","Etiquetas"
"Printing","Impressão"
"Settings","Configurações"
"WhatsApp","WhatsApp"
"Returns (reverse logistics)","Reversa"
"Proof of delivery","Comprovante de entrega"
"Control tower","Torre de controle"
"Labels (create shipments and print)","Etiquetas (criar envios e imprimir)"
"Create Frenet shipments from your orders, compare carriers, pay with the Frenet wallet and print the labels. Requires the Frenet partner token (x-partner-token).","Crie envios Frenet a partir dos pedidos, compare transportadoras, pague com a carteira Frenet e imprima as etiquetas. Exige o token de parceiro Frenet (x-partner-token)."
"Customer token","Token do cliente"
"Leave empty to use the token of the Frenet shipping method above (recommended).","Deixe vazio para usar o token do método de entrega Frenet acima (recomendado)."
"Partner token","Token do parceiro"
"Given by Frenet to integration partners (x-partner-token). Keep it secret like a password.","Entregue pela Frenet aos parceiros de integração (x-partner-token). Guarde em segredo como uma senha."
"Connection","Conexão"
"API URL","URL da API"
"https://whitelabel.frenet.com.br/v1 — any other address is treated as a test simulator.","https://whitelabel.frenet.com.br/v1 — qualquer outro endereço é tratado como simulador de testes."
"How to create the shipment","Como criar o envio"
"Buy here: the label is paid and printed in this admin. Send to the Frenet panel: the order goes to the Frenet panel, where it is paid and printed.","Comprar aqui: a etiqueta é paga e impressa neste painel. Enviar ao painel Frenet: o pedido vai para o painel da Frenet, onde é pago e impresso."
"Default service","Serviço padrão"
"Automatically select the best option","Selecionar automaticamente a melhor opção"
"No: the carrier the customer chose comes selected. Yes: the best option by ""Default service"" comes selected. It can always be changed before creating.","Não: vem selecionada a transportadora que o cliente escolheu. Sim: vem selecionada a melhor opção segundo ""Serviço padrão"". Sempre pode ser trocada antes de criar."
"Pay with the Frenet wallet","Pagamento com carteira"
"Yes: labels bought here are paid at once with the wallet balance. No: they wait in Labels until you pay them.","Sim: as etiquetas compradas aqui são pagas na hora com o saldo da carteira. Não: ficam em Etiquetas até você pagar."
"Batch printing","Impressão em lote"
"Label format","Formato da etiqueta"
"Simulator mode","Modo simulador"
"Labels, balance and lists come from the local test simulator. Nothing is sent to Frenet or charged.","Etiquetas, saldo e listas vêm do simulador local de testes. Nada é enviado à Frenet nem cobrado."
"Connect your Frenet partner token","Conecte seu token de parceiro Frenet"
"To create shipments and labels, turn on ""Labels"" in the Frenet Shipping settings and paste the partner token (x-partner-token) that Frenet gave you.","Para criar envios e etiquetas, ative ""Etiquetas"" nas configurações do Frenet Shipping e cole o token de parceiro (x-partner-token) que a Frenet enviou."
"Open settings","Abrir configurações"
"Every label of your Frenet account, also the ones bought in the Frenet panel. Newest first.","Todas as etiquetas da sua conta Frenet, inclusive as compradas no painel da Frenet. Mais recentes primeiro."
"Filter by status","Filtrar por status"
"All","Todas"
"Page %1 of %2 · %3 labels in the account. The filter and the counts apply to this page.","Página %1 de %2 · %3 etiquetas na conta. O filtro e as contagens valem para esta página."
"Frenet did not answer: %1. Reload the page in a moment.","A Frenet não respondeu: %1. Recarregue a página em instantes."
"No label with this status on this page.","Nenhuma etiqueta com este status nesta página."
"No Frenet labels yet.","Ainda não há etiquetas Frenet."
"Show all","Mostrar todas"
"Select all","Selecionar todas"
"Label","Etiqueta"
"Order","Pedido"
"Status","Status"
"Service","Serviço"
"Shipping","Frete"
"Updated","Atualizada"
"Actions","Ações"
"Label %1","Etiqueta %1"
"Order from another store or created in the Frenet panel","Pedido de outra loja ou criado no painel da Frenet"
"Print","Imprimir"
"Cancel label %1? Frenet returns %2 to the wallet (usually overnight).","Cancelar a etiqueta %1? A Frenet devolve %2 à carteira (normalmente durante a madrugada)."
"Delete the unpaid shipment %1?","Excluir o envio não pago %1?"
"Cancel","Cancelar"
"Select labels to pay or print.","Selecione etiquetas para pagar ou imprimir."
"%1 label(s) selected","%1 etiqueta(s) selecionada(s)"
"Format","Formato"
"Print selected","Imprimir selecionadas"
"Pay %1 · %2","Pagar %1 · %2"
"Pay %1 label(s) with the Frenet wallet (%2)?","Pagar %1 etiqueta(s) com a carteira Frenet (%2)?"
"Pay selected","Pagar selecionadas"
"Pages","Páginas"
"Newer","Mais recentes"
"Page %1 of %2","Página %1 de %2"
"Older","Mais antigas"
"No Frenet shipment for this order yet. Compare carriers and create it in one step.","Este pedido ainda não tem envio Frenet. Compare transportadoras e crie em um passo."
"Shipment %1","Envio %1"
"sent to the Frenet panel","enviado ao painel Frenet"
"Print label","Imprimir etiqueta"
"Content declaration","Declaração de conteúdo"
"Frenet is generating the label. The store checks every minute; you can also check now.","A Frenet está gerando a etiqueta. A loja confere a cada minuto; você também pode conferir agora."
"Check now","Conferir agora"
"Waiting for payment. Pay it in Labels to release the label.","Aguardando pagamento. Pague em Etiquetas para liberar a etiqueta."
"Open the Frenet panel","Abrir o painel da Frenet"
"Manage labels","Gerenciar etiquetas"
"Paid labels ready to print. Select them and print one PDF; on a thermal printer use 10x15.","Etiquetas pagas prontas para imprimir. Selecione e imprima um único PDF; em impressora térmica use 10x15."
"Batch printing is off in the settings: print each label from its own button.","A impressão em lote está desligada nas configurações: imprima cada etiqueta pelo seu botão."
"No paid label on this page.","Nenhuma etiqueta paga nesta página."
"Select the labels to print.","Selecione as etiquetas para imprimir."
"There is no recent result to show.","Não há resultado recente para mostrar."
"Failed","Com falha"
"Charged by Frenet","Cobrado pela Frenet"
"Balance now","Saldo agora"
"The shipments are in the Frenet panel, waiting for payment and printing there.","Os envios estão no painel da Frenet, aguardando pagamento e impressão lá."
"Result","Resultado"
"Frenet shipment","Envio Frenet"
"Carrier and service","Transportadora e serviço"
"Price","Preço"
"Details","Detalhes"
"Not created","Não criado"
"Create more shipments","Criar mais envios"
"1. Choose the orders · 2. Compare carriers · 3. Create the shipment","1. Escolha os pedidos · 2. Compare transportadoras · 3. Crie o envio"
"Search orders","Buscar pedidos"
"Order number or customer name","Número do pedido ou nome do cliente"
"Search","Buscar"
"No order found for this search.","Nenhum pedido encontrado nesta busca."
"No order is waiting for a Frenet shipment.","Nenhum pedido aguardando envio Frenet."
"Date","Data"
"Customer","Cliente"
"Destination","Destino"
"Shipping chosen by the customer","Frete escolhido pelo cliente"
"Order total","Total do pedido"
"Order #%1","Pedido #%1"
"other method","outro método"
"Select the orders to compare carriers.","Selecione os pedidos para comparar transportadoras."
"%1 order(s) selected","%1 pedido(s) selecionado(s)"
"Calculate shipping","Calcular frete"
"Only the first 50 orders are compared at once.","Só os primeiros 50 pedidos são comparados de uma vez."
"Carriers for the %1 selected order(s)","Transportadoras para o(s) %1 pedido(s) selecionado(s)"
"Carrier","Transportadora"
"Available","Disponível"
"all orders","todos os pedidos"
"%1 of %2","%1 de %2"
"Best option (total)","Melhor opção (total)"
"Totals of each carrier over the orders it delivers: its cheapest service and its fastest service. Best option: the cheapest service of every order.","Totais de cada transportadora nos pedidos que ela atende: seu serviço mais barato e o mais rápido. Melhor opção: o serviço mais barato de cada pedido."
"Orders","Pedidos"
"Check","OK/NOK"
"NF-e access key","Chave de acesso NF-e"
"Products","Produtos"
"Package","Pacote"
"OK","OK"
"NOK","NOK"
"Service for order #%1","Serviço do pedido #%1"
"best price","melhor preço"
"best time","melhor prazo"
"customer choice","escolha do cliente"
"%1 day(s)","%1 dia(s)"
"Customer paid %1 · %2","Cliente pagou %1 · %2"
"NF-e access key of order #%1","Chave de acesso NF-e do pedido #%1"
"optional · 44 digits","opcional · 44 dígitos"
"Invalid key: 44 digits, the last one is a check digit.","Chave inválida: 44 dígitos, o último é o dígito verificador."
"%1 kg","%1 kg"
"Total","Total"
"Balance after","Saldo depois"
"The Frenet balance does not cover these labels. Add balance or create fewer.","O saldo Frenet não cobre estas etiquetas. Adicione saldo ou crie menos."
"How to create","Como criar"
"Buy here: pay with the wallet and print","Comprar aqui: pagar com a carteira e imprimir"
"Create here: pay later in Labels","Criar aqui: pagar depois em Etiquetas"
"Send to the Frenet panel: pay and print there","Enviar ao painel Frenet: pagar e imprimir lá"
"Clear quotes","Limpar cotações"
"Calculate shipping again","Calcular frete de novo"
"Create shipment (%1) · %2","Criar envio (%1) · %2"
"Frenet charges %2 from your wallet for %1 label(s). Create now?","A Frenet cobra %2 da sua carteira por %1 etiqueta(s). Criar agora?"
"Create %1 shipment(s) of %2 in total, to pay later in Labels?","Criar %1 envio(s) de %2 no total, para pagar depois em Etiquetas?"
"Send %1 shipment(s) of %2 in total to the Frenet panel, to pay and print there?","Enviar %1 envio(s) de %2 no total ao painel Frenet, para pagar e imprimir lá?"
"Send the tracking of each order to the customer by WhatsApp.","Envie o rastreio de cada pedido ao cliente pelo WhatsApp."
"Create the return label of an order and follow it until it arrives.","Crie a etiqueta de devolução de um pedido e acompanhe até chegar."
"See and download the proof that the package was delivered.","Veja e baixe o comprovante de que o pacote foi entregue."
"All your shipments in one panel: delays, problems and what needs attention.","Todos os seus envios em um painel: atrasos, problemas e o que precisa de atenção."
"This feature is being prepared.","Este recurso está sendo preparado."
"Back to Create shipment","Voltar para Criar envio"
"Labels created by this store that already have a tracking code. Open one to see where the package is.","Etiquetas criadas por esta loja que já têm código de rastreio. Abra uma para ver onde está o pacote."
"Tracking %1","Rastreio %1"
"Frenet did not answer: %1","A Frenet não respondeu: %1"
"No movement yet. Events appear once the carrier scans the package.","Sem movimentação ainda. Os eventos aparecem quando a transportadora escaneia o pacote."
"No label with a tracking code yet. It appears here once a label bought here is released.","Ainda não há etiqueta com código de rastreio. Ela aparece aqui quando uma etiqueta comprada aqui é liberada."
"Tracking code","Código de rastreio"
"See tracking","Ver rastreio"
"Frenet page","Página da Frenet"
"Frenet wallet balance","Saldo na carteira Frenet"
"Unavailable","Indisponível"
"%1 labels available","%1 etiquetas disponíveis"
"Add balance","Adicionar saldo"
"Frenet: create shipment","Frenet: criar envio"
"Shipment tracking","Rastreios"
"Shipping management","Plataforma de gestão de fretes"
"Tracking: %1","Rastreio: %1"
"Frenet tracking code added: %1","Código de rastreio Frenet adicionado: %1"
"Order #%1: %2","Pedido #%1: %2"
"Invalid CEP.","CEP inválido."
"CEP not found.","CEP não encontrado."
"No Frenet tracking code to check right now.","Nenhum código de rastreio Frenet para consultar agora."
"Frenet did not answer the tracking of %1 code(s). Try again in a few minutes.","A Frenet não respondeu o rastreio de %1 código(s). Tente de novo em alguns minutos."
"%1 code(s) checked, %2 order status(es) changed.","%1 código(s) consultado(s), %2 status de pedido alterado(s)."
"%1 code(s) did not answer and will be checked again later.","%1 código(s) não responderam e serão consultados de novo mais tarde."
"Nothing to import. Paste the codes again.","Nada para importar. Cole os códigos de novo."
"%1 order(s) shipped with the code, %2 code(s) added to existing shipments, %3 skipped.","%1 pedido(s) enviados com o código, %2 código(s) adicionados a envios existentes, %3 ignorado(s)."
"No line could be read. Use one order per line: order number and tracking code, separated by "";"", "","" or a tab.","Nenhuma linha pôde ser lida. Use um pedido por linha: número do pedido e código de rastreio, separados por "";"", "","" ou tabulação."
"Not checked yet","Ainda não consultados"
"Ship the order with this code","Enviar o pedido com este código"
"Add the code to the shipment","Adicionar o código ao envio"
"Already has this code","Já tem este código"
"Order not found","Pedido não encontrado"
"Order cannot be shipped","O pedido não pode ser enviado"
"Automation","Automação"
"Events read every 30 minutes","Eventos lidos a cada 30 minutos"
"Automatic reading is off","Leitura automática desligada"
"Order status follows the tracking","O status do pedido acompanha o rastreio"
"Order status is not changed","O status do pedido não é alterado"
"Customers get an e-mail","O cliente recebe e-mail"
"No e-mail to customers","Sem e-mail ao cliente"
"Change in settings","Alterar nas configurações"
"Update now","Atualizar agora"
"Not checked yet. Use ""Update now"" or wait for the next automatic check.","Ainda não consultado. Use ""Atualizar agora"" ou aguarde a próxima consulta automática."
"Close","Fechar"
"Shipments with a Frenet tracking code","Envios com código de rastreio Frenet"
"No order shipped with a Frenet tracking code yet. Codes appear here when a label is bought or a code is added to a shipment, also in bulk below.","Ainda não há pedidos enviados com código de rastreio Frenet. Os códigos aparecem aqui quando uma etiqueta é comprada ou um código é adicionado a um envio, também em lote logo abaixo."
"No shipment in this status.","Nenhum envio neste status."
"Latest event","Último evento"
"Order status","Status do pedido"
"Checked","Consultado"
"No movement yet","Sem movimentação ainda"
"See events","Ver eventos"
"Import tracking codes","Importar códigos de rastreio"
"Check what will happen before importing. Nothing changed yet.","Confira o que vai acontecer antes de importar. Nada foi alterado ainda."
"orders will be shipped","pedidos serão enviados"
"codes added to shipments","códigos adicionados a envios"
"skipped","ignorados"
"Lines not read (not ""order;code""): %1","Linhas não lidas (não são ""pedido;código""): %1"
"Only the first 500 lines are imported at once.","Só as primeiras 500 linhas são importadas de uma vez."
"What will happen","O que vai acontecer"
"Customers will get the shipment e-mail with the code.","Os clientes vão receber o e-mail de envio com o código."
"Customers will not be e-mailed.","Os clientes não vão receber e-mail."
"Back","Voltar"
"Import %1 code(s)","Importar %1 código(s)"
"Nothing to import","Nada para importar"
"One order per line: order number and tracking code, separated by "";"", "","" or a tab. You can paste two columns straight from a spreadsheet.","Um pedido por linha: número do pedido e código de rastreio, separados por "";"", "","" ou tabulação. Pode colar duas colunas direto de uma planilha."
"Orders and codes","Pedidos e códigos"
"E-mail the code to each customer","Enviar o código por e-mail a cada cliente"
"Orders that can still ship are shipped with the code; the others get it on their last shipment. You see the list before anything changes.","Pedidos que ainda podem ser enviados são enviados com o código; os outros recebem o código no último envio. Você vê a lista antes de qualquer mudança."
"Preview","Pré-visualizar"
"Frenet tracking","Rastreio Frenet"
"checked %1","consultado em %1"
"not checked yet","ainda não consultado"
"Address by CEP (checkout)","Endereço pelo CEP (checkout)"
"When the customer types the CEP, street, district, city and state fill in by themselves. Uses the Frenet token of this shipping method; read only.","Quando o cliente digita o CEP, rua, bairro, cidade e estado são preenchidos sozinhos. Usa o token Frenet deste método de entrega; só leitura."
"Fill the address from the CEP","Preencher o endereço pelo CEP"
"Automatic tracking","Rastreio automático"
"Every 30 minutes the store reads the Frenet events of the orders shipped with Frenet and shows them in Frenet › Shipment tracking and on the order.","A cada 30 minutos a loja lê os eventos Frenet dos pedidos enviados com a Frenet e mostra em Frenet › Rastreio de envios e no pedido."
"Read the tracking events","Ler os eventos de rastreio"
"Change the order status automatically","Alterar o status do pedido automaticamente"
"Em transporte, Aguardando retirada, Entregue or Em devolução, following the latest event. Off by default so that existing order flows do not change on update.","Em transporte, Aguardando retirada, Entregue ou Em devolução, conforme o último evento. Vem desligado para não mudar o fluxo de pedidos existente ao atualizar."
"E-mail the customer","Avisar o cliente por e-mail"
"When the status changes. Bulk imports ask each time.","Quando o status muda. A importação em lote pergunta a cada vez."
"Looking up the address…","Buscando o endereço…"
"We could not find this CEP. Please fill in the address.","Não encontramos este CEP. Preencha o endereço, por favor."
"Reads the Frenet tracking events now (all due codes, or one order).","Lê agora os eventos de rastreio Frenet (todos os códigos pendentes, ou um pedido)."
"This status no longer exists in the store","Este status não existe mais na loja"
"Type an amount of at least R$ 1,00.","Digite um valor de pelo menos R$ 1,00."
"Frenet did not start the payment. Nothing was charged; try again or add balance in the Frenet panel.","A Frenet não iniciou o pagamento. Nada foi cobrado; tente de novo ou adicione saldo no painel Frenet."
"Payment sent. The balance shows up as soon as Mercado Pago confirms it (Pix in a few minutes).","Pagamento enviado. O saldo aparece assim que o Mercado Pago confirmar (Pix em poucos minutos)."
"Payment pending at Mercado Pago. The balance shows up when it is confirmed.","Pagamento pendente no Mercado Pago. O saldo aparece quando for confirmado."
"The payment was not completed. Nothing was added to the wallet.","O pagamento não foi concluído. Nada foi adicionado à carteira."
"Amount to add (R$)","Valor a adicionar (R$)"
"or in the Frenet panel","ou no painel Frenet"
